,seed 0,seed 1,seed 2,seed 3
0,0.2590055152272576,0.9116577297458612,0.5901663710200231,0.8275546200293497
1,1.0000000000006315,0.48762018731023193,0.1273258241636698,0.8859132218893772
2,0.18221700388098372,0.30817812098765274,0.003171162739802655,0.7434185752844122
3,0.41917315302388153,0.47469735669690855,0.34505715542192306,0.9806094473814433
4,0.7935801454695981,0.7569228566436332,0.37455211966156693,0.9988764512904539
